subject,TR,n_volumes,n_events,mean_FD_mm,max_FD_mm,pct_volumes_FD_over_thr
sub-01,1.5,229,24,0.12539838864628822,0.6633465000000007,0.8733624454148471
sub-02,1.5,229,24,0.13906942829694324,0.6627730000000008,0.43668122270742354
sub-03,1.5,229,24,0.1875922751091703,0.787948499999999,1.3100436681222707
sub-04,1.5,229,24,0.0878732532751091,0.4233600000000006,0.0
sub-05,1.5,229,24,0.12052220087336246,0.3458325000000001,0.0
sub-06,1.5,229,24,0.16627988209606984,0.42898600000000003,0.0
sub-07,1.5,229,24,0.20204377947598262,1.7583350000000002,3.4934497816593884
sub-08,1.5,229,24,0.07579578602620085,0.2335049999999994,0.0
sub-09,1.5,229,24,0.1443954395633188,0.6741969999999994,0.8733624454148471
sub-10,1.5,229,24,0.1475090782270742,0.39179479999999994,0.0
