ROI,FWHM_mm,subject,effect
L IFG,6,sub-01,0.05928066106169232
L IFG,6,sub-02,0.16336529611437553
L IFG,6,sub-03,-0.03860249072656569
L IFG,6,sub-04,-0.07047965609314231
L IFG,6,sub-05,0.26479523969346813
L IFG,6,sub-06,0.15277930366571485
L IFG,6,sub-07,0.19577430059174564
L IFG,6,sub-08,0.2179121341686419
L IFG,6,sub-09,0.32577987937864
L IFG,6,sub-10,0.04882801119012054
L STG,6,sub-01,0.18969385855753615
L STG,6,sub-02,0.6232044428344277
L STG,6,sub-03,0.1458668707505515
L STG,6,sub-04,0.10195685039587801
L STG,6,sub-05,0.5783733618820093
L STG,6,sub-06,0.3255967973342606
L STG,6,sub-07,0.07608425111187758
L STG,6,sub-08,0.55287649989001
L STG,6,sub-09,0.411162412910819
L STG,6,sub-10,0.46680697412443695
L hippocampus,6,sub-01,0.013329849445646665
L hippocampus,6,sub-02,0.04862441358128893
L hippocampus,6,sub-03,-0.0645297895293856
L hippocampus,6,sub-04,-0.024935253558038696
L hippocampus,6,sub-05,0.012002600305061936
L hippocampus,6,sub-06,0.06288059659855517
L hippocampus,6,sub-07,-0.10663839126691683
L hippocampus,6,sub-08,0.00011802604272820896
L hippocampus,6,sub-09,0.06227172368944187
L hippocampus,6,sub-10,0.00789465121939668
R hippocampus,6,sub-01,0.0014657453303291276
R hippocampus,6,sub-02,-0.03191643598583721
R hippocampus,6,sub-03,-0.006734538655838364
R hippocampus,6,sub-04,-0.030582777655144812
R hippocampus,6,sub-05,-0.028795541957072512
R hippocampus,6,sub-06,0.07058135047204252
R hippocampus,6,sub-07,-0.013746716523430806
R hippocampus,6,sub-08,-0.009116365688660321
R hippocampus,6,sub-09,0.08464966326344442
R hippocampus,6,sub-10,0.006027458982893377
L IFG,8,sub-01,0.05700033509024718
L IFG,8,sub-02,0.16196791729468873
L IFG,8,sub-03,-0.039914355473822896
L IFG,8,sub-04,-0.07581687467203098
L IFG,8,sub-05,0.26653416208861935
L IFG,8,sub-06,0.1511799960750265
L IFG,8,sub-07,0.1941947624146627
L IFG,8,sub-08,0.1977932339461999
L IFG,8,sub-09,0.3176524344272627
L IFG,8,sub-10,0.05206231698170799
L STG,8,sub-01,0.18909439080420856
L STG,8,sub-02,0.5912093763254735
L STG,8,sub-03,0.11268350312184097
L STG,8,sub-04,0.09297192311717031
L STG,8,sub-05,0.5516069967593925
L STG,8,sub-06,0.3016786417352498
L STG,8,sub-07,0.07667715329809871
L STG,8,sub-08,0.5203290749940608
L STG,8,sub-09,0.384782827920809
L STG,8,sub-10,0.43549399891173396
L hippocampus,8,sub-01,0.01197619773944894
L hippocampus,8,sub-02,0.048232645901837214
L hippocampus,8,sub-03,-0.045399004623105886
L hippocampus,8,sub-04,-0.030162320814850745
L hippocampus,8,sub-05,0.026537532449204957
L hippocampus,8,sub-06,0.0572176839384814
L hippocampus,8,sub-07,-0.09721780676891775
L hippocampus,8,sub-08,0.004180796463442786
L hippocampus,8,sub-09,0.04439895555612112
L hippocampus,8,sub-10,0.011698779339331411
R hippocampus,8,sub-01,0.0011073165358611507
R hippocampus,8,sub-02,-0.028288857606383153
R hippocampus,8,sub-03,-0.009200561024990244
R hippocampus,8,sub-04,-0.0286127263492892
R hippocampus,8,sub-05,-0.013363220403257247
R hippocampus,8,sub-06,0.06477676242036876
R hippocampus,8,sub-07,-0.02401616397356805
R hippocampus,8,sub-08,-0.010647336965661182
R hippocampus,8,sub-09,0.07359698864810763
R hippocampus,8,sub-10,0.0003254228162878061
